,Country_Code,Reference_Date,Population Subgroup,NO_CASES,NO_DEATHS,PREV_RATE,Country,Population,GDP ($ per capita),Region,cases_normalized_percentage,flag
0,ABW,1995,Cumulative AIDS cases & deaths,20,16,-1.0,Aruba,71891,28000.0,LATIN AMER. & CARIB,0.027819894006203837,ðŸ‡¦ðŸ‡¼
1,ABW,1996,Cumulative AIDS cases & deaths,37,17,-1.0,Aruba,71891,28000.0,LATIN AMER. & CARIB,0.0514668039114771,ðŸ‡¦ðŸ‡¼
38,AIA,1989,Cumulative AIDS cases & deaths,2,1,-1.0,Anguilla,13477,8600.0,LATIN AMER. & CARIB,0.014840097944646434,ðŸ‡¦ðŸ‡®
50,AIA,1995,Cumulative AIDS cases & deaths,5,3,-1.0,Anguilla,13477,8600.0,LATIN AMER. & CARIB,0.03710024486161609,ðŸ‡¦ðŸ‡®
51,AIA,1995,Cumulative AIDS cases & deaths,5,3,-1.0,Anguilla,13477,8600.0,LATIN AMER. & CARIB,0.03710024486161609,ðŸ‡¦ðŸ‡®
52,AIA,1987,Cumulative AIDS cases & deaths,2,0,-1.0,Anguilla,13477,8600.0,LATIN AMER. & CARIB,0.014840097944646434,ðŸ‡¦ðŸ‡®
57,ALB,2011,Cumulative AIDS cases & deaths,199,93,-1.0,Albania,3581655,4500.0,EASTERN EUROPE,0.005556090689918487,ðŸ‡¦ðŸ‡±
91,ARG,1987,Cumulative AIDS cases & deaths,78,33,-1.0,Argentina,39921833,11200.0,LATIN AMER. & CARIB,0.00019538181024904343,ðŸ‡¦ðŸ‡·
124,ARG,1999,Cumulative AIDS cases & deaths,15673,"3,883",-1.0,Argentina,39921833,11200.0,LATIN AMER. & CARIB,0.03925921938504176,ðŸ‡¦ðŸ‡·
140,ARG,1987,Cumulative AIDS cases & deaths,112,56,-1.0,Argentina,39921833,11200.0,LATIN AMER. & CARIB,0.00028054824035760083,ðŸ‡¦ðŸ‡·
154,ARG,1995,Cumulative AIDS cases & deaths,7417,"2,249",-1.0,Argentina,39921833,11200.0,LATIN AMER. & CARIB,0.018578806238681474,ðŸ‡¦ðŸ‡·
175,ARG,1988,Cumulative AIDS cases & deaths,315,158,-1.0,Argentina,39921833,11200.0,LATIN AMER. & CARIB,0.0007890419260057523,ðŸ‡¦ðŸ‡·
1048,ARG,1989,Cumulative AIDS cases & deaths,356,151,-1.0,Argentina,39921833,11200.0,LATIN AMER. & CARIB,0.0008917426211366597,ðŸ‡¦ðŸ‡·
1249,AUS,2003,Cumulative AIDS cases & deaths,9260,"4,521",-1.0,Australia,20264082,29000.0,OCEANIA,0.04569661729556759,ðŸ‡¦ðŸ‡º
1265,AUS,1995,Cumulative AIDS cases & deaths,5883,"4,199",-1.0,Australia,20264082,29000.0,OCEANIA,0.02903166301833954,ðŸ‡¦ðŸ‡º
1536,AZE,2011,Cumulative AIDS cases & deaths,700,354,-1.0,Azerbaijan,7961619,3400.0,C.W. OF IND. STATES,0.008792181590201691,ðŸ‡¦ðŸ‡¿
1541,BDI,1993,Cumulative AIDS cases & deaths,7131,"1,636",-1.0,Burundi,8090068,600.0,SUB-SAHARAN AFRICA,0.08814511818689287,ðŸ‡§ðŸ‡®
1931,BGD,2006,Cumulative AIDS cases & deaths,365,123,-1.0,Bangladesh,147365352,1900.0,ASIA (EX. NEAR EAST),0.00024768372961915774,ðŸ‡§ðŸ‡©
1980,BLR,2007,Cumulative AIDS cases & deaths,603,362,-1.0,Belarus,10293011,6100.0,C.W. OF IND. STATES,0.005858344074440414,ðŸ‡§ðŸ‡¾
2509,BLZ,1989,Cumulative AIDS cases & deaths,8,5,-1.0,Belize,287730,4900.0,LATIN AMER. & CARIB,0.0027803843881416606,ðŸ‡§ðŸ‡¿
2918,BLZ,1988,Cumulative AIDS cases & deaths,11,8,-1.0,Belize,287730,4900.0,LATIN AMER. & CARIB,0.0038230285336947833,ðŸ‡§ðŸ‡¿
2921,BLZ,1995,Cumulative AIDS cases & deaths,138,130,-1.0,Belize,287730,4900.0,LATIN AMER. & CARIB,0.047961630695443645,ðŸ‡§ðŸ‡¿
2922,BLZ,1997,Cumulative AIDS cases & deaths,184,190,-1.0,Belize,287730,4900.0,LATIN AMER. & CARIB,0.0639488409272582,ðŸ‡§ðŸ‡¿
2924,BLZ,1987,Cumulative AIDS cases & deaths,2,2,-1.0,Belize,287730,4900.0,LATIN AMER. & CARIB,0.0006950960970354152,ðŸ‡§ðŸ‡¿
2942,BOL,1995,Cumulative AIDS cases & deaths,109,85,-1.0,Bolivia,8989046,2400.0,LATIN AMER. & CARIB,0.0012125869641784013,ðŸ‡§ðŸ‡´
2946,BOL,1998,Cumulative AIDS cases & deaths,141,107,-1.0,Bolivia,8989046,2400.0,LATIN AMER. & CARIB,0.0015685757976986656,ðŸ‡§ðŸ‡´
2953,BOL,1988,Cumulative AIDS cases & deaths,16,12,-1.0,Bolivia,8989046,2400.0,LATIN AMER. & CARIB,0.00017799441676013227,ðŸ‡§ðŸ‡´
2955,BOL,1986,Cumulative AIDS cases & deaths,1,1,-1.0,Bolivia,8989046,2400.0,LATIN AMER. & CARIB,1.1124651047508267e-05,ðŸ‡§ðŸ‡´
2957,BOL,1987,Cumulative AIDS cases & deaths,2,1,-1.0,Bolivia,8989046,2400.0,LATIN AMER. & CARIB,2.2249302095016533e-05,ðŸ‡§ðŸ‡´
4526,BRA,1988,Cumulative AIDS cases & deaths,4946,"2,564",-1.0,Brazil,188078227,7600.0,LATIN AMER. & CARIB,0.0026297568192196964,ðŸ‡§ðŸ‡·
4539,BRA,1987,Cumulative AIDS cases & deaths,1542,702,-1.0,Brazil,188078227,7600.0,LATIN AMER. & CARIB,0.0008198716165056149,ðŸ‡§ðŸ‡·
4555,BRA,1987,Cumulative AIDS cases & deaths,2013,734,-1.0,Brazil,188078227,7600.0,LATIN AMER. & CARIB,0.0010702993281619993,ðŸ‡§ðŸ‡·
4562,BRA,1999,Cumulative AIDS cases & deaths,170078,"66,636",-1.0,Brazil,188078227,7600.0,LATIN AMER. & CARIB,0.09042939350975486,ðŸ‡§ðŸ‡·
4572,BRB,1999,Cumulative AIDS cases & deaths,1043,856,-1.0,Barbados,279912,15700.0,LATIN AMER. & CARIB,0.3726171082340164,ðŸ‡§ðŸ‡§
4575,BRB,1995,Cumulative AIDS cases & deaths,632,530,-1.0,Barbados,279912,15700.0,LATIN AMER. & CARIB,0.22578524679184886,ðŸ‡§ðŸ‡§
4578,BRB,1988,Cumulative AIDS cases & deaths,70,50,-1.0,Barbados,279912,15700.0,LATIN AMER. & CARIB,0.025007859613021235,ðŸ‡§ðŸ‡§
4585,BRB,1987,Cumulative AIDS cases & deaths,44,27,-1.0,Barbados,279912,15700.0,LATIN AMER. & CARIB,0.01571922604247049,ðŸ‡§ðŸ‡§
4586,BRB,1987,Cumulative AIDS cases & deaths,39,25,-1.0,Barbados,279912,15700.0,LATIN AMER. & CARIB,0.013932950355826116,ðŸ‡§ðŸ‡§
4688,BRB,1989,Cumulative AIDS cases & deaths,111,81,-1.0,Barbados,279912,15700.0,LATIN AMER. & CARIB,0.0396553202435051,ðŸ‡§ðŸ‡§
4703,BRN,1995,Cumulative AIDS cases & deaths,6,4,-1.0,Brunei,379444,18600.0,ASIA (EX. NEAR EAST),0.0015812610029411456,ðŸ‡§ðŸ‡³
4738,BWA,1987,Cumulative AIDS cases & deaths,13,4,-1.0,Botswana,1639833,9000.0,SUB-SAHARAN AFRICA,0.0007927636533720202,ðŸ‡§ðŸ‡¼
4761,CHL,1995,Cumulative AIDS cases & deaths,1363,836,-1.0,Chile,16134219,9900.0,LATIN AMER. & CARIB,0.008447883346569176,ðŸ‡¨ðŸ‡±
4765,CHL,1987,Cumulative AIDS cases & deaths,28,17,-1.0,Chile,16134219,9900.0,LATIN AMER. & CARIB,0.00017354419200582316,ðŸ‡¨ðŸ‡±
4772,CHL,1988,Cumulative AIDS cases & deaths,123,48,-1.0,Chile,16134219,9900.0,LATIN AMER. & CARIB,0.0007623548434541517,ðŸ‡¨ðŸ‡±
4775,CHL,1999,Cumulative AIDS cases & deaths,3127,"1,631",-1.0,Chile,16134219,9900.0,LATIN AMER. & CARIB,0.019381167442936033,ðŸ‡¨ðŸ‡±
4790,CHL,1987,Cumulative AIDS cases & deaths,57,27,-1.0,Chile,16134219,9900.0,LATIN AMER. & CARIB,0.0003532863908689971,ðŸ‡¨ðŸ‡±
4791,CHL,1987,Cumulative AIDS cases & deaths,42,22,-1.0,Chile,16134219,9900.0,LATIN AMER. & CARIB,0.0002603162880087347,ðŸ‡¨ðŸ‡±
5497,CHN,2012,Cumulative AIDS cases & deaths,184276,"56,336",-1.0,China,1313973713,5000.0,ASIA (EX. NEAR EAST),0.014024329267536877,ðŸ‡¨ðŸ‡³
5582,CHN,2016,Cumulative AIDS cases & deaths,54360,"14,091",-1.0,China,1313973713,5000.0,ASIA (EX. NEAR EAST),0.00413706906479034,ðŸ‡¨ðŸ‡³
5718,CHN,2015,Cumulative AIDS cases & deaths,50330,"12,755",-1.0,China,1313973713,5000.0,ASIA (EX. NEAR EAST),0.0038303658210246095,ðŸ‡¨ðŸ‡³
5729,CHN,2014,Cumulative AIDS cases & deaths,45145,"12,030",-1.0,China,1313973713,5000.0,ASIA (EX. NEAR EAST),0.0034357612753855757,ðŸ‡¨ðŸ‡³
5755,CHN,2012,Cumulative AIDS cases & deaths,202163,"61,741",-1.0,China,1313973713,5000.0,ASIA (EX. NEAR EAST),0.015385619818712462,ðŸ‡¨ðŸ‡³
5758,CHN,2012,Cumulative AIDS cases & deaths,41604,"11,439",-1.0,China,1313973713,5000.0,ASIA (EX. NEAR EAST),0.003166273387997375,ðŸ‡¨ðŸ‡³
5780,CHN,2013,Cumulative AIDS cases & deaths,63498,"10,974",-1.0,China,1313973713,5000.0,ASIA (EX. NEAR EAST),0.00483251676740355,ðŸ‡¨ðŸ‡³
5832,CHN,2012,Cumulative AIDS cases & deaths,187079,"57,319",-1.0,China,1313973713,5000.0,ASIA (EX. NEAR EAST),0.014237651647754082,ðŸ‡¨ðŸ‡³
5839,CHN,2012,Cumulative AIDS cases & deaths,200161,"61,016",-1.0,China,1313973713,5000.0,ASIA (EX. NEAR EAST),0.015233257562132067,ðŸ‡¨ðŸ‡³
5846,CHN,2012,Cumulative AIDS cases & deaths,190712,"58,457",-1.0,China,1313973713,5000.0,ASIA (EX. NEAR EAST),0.01451414119728284,ðŸ‡¨ðŸ‡³
5982,CHN,2010,Cumulative AIDS cases & deaths,138288,"72,616",-1.0,China,1313973713,5000.0,ASIA (EX. NEAR EAST),0.010524411457537278,ðŸ‡¨ðŸ‡³
5983,CHN,2010,Cumulative AIDS cases & deaths,5661,"2,679",-1.0,China,1313973713,5000.0,ASIA (EX. NEAR EAST),0.0004308305367140933,ðŸ‡¨ðŸ‡³
5984,CHN,2010,Cumulative AIDS cases & deaths,7147,"4,244",-1.0,China,1313973713,5000.0,ASIA (EX. NEAR EAST),0.0005439226012887519,ðŸ‡¨ðŸ‡³
5985,CHN,2010,Cumulative AIDS cases & deaths,4023,"2,252",-1.0,China,1313973713,5000.0,ASIA (EX. NEAR EAST),0.00030617050860286125,ðŸ‡¨ðŸ‡³
5986,CHN,2010,Cumulative AIDS cases & deaths,1925,"1,242",-1.0,China,1313973713,5000.0,ASIA (EX. NEAR EAST),0.00014650216978884112,ðŸ‡¨ðŸ‡³
6343,CHN,2010,Cumulative AIDS cases & deaths,4599,993,-1.0,China,1313973713,5000.0,ASIA (EX. NEAR EAST),0.00035000700200461316,ðŸ‡¨ðŸ‡³
6377,CHN,2012,Cumulative AIDS cases & deaths,197096,"60,093",-1.0,China,1313973713,5000.0,ASIA (EX. NEAR EAST),0.014999995665818925,ðŸ‡¨ðŸ‡³
6389,CHN,2012,Cumulative AIDS cases & deaths,193986,"59,285",-1.0,China,1313973713,5000.0,ASIA (EX. NEAR EAST),0.01476330904345877,ðŸ‡¨ðŸ‡³
6418,CHN,1998,Cumulative AIDS cases & deaths,42,23,-1.0,China,1313973713,5000.0,ASIA (EX. NEAR EAST),3.1964109772110793e-06,ðŸ‡¨ðŸ‡³
6491,CHN,2016,Cumulative AIDS cases & deaths,37179,"15,422",-1.0,China,1313973713,5000.0,ASIA (EX. NEAR EAST),0.002829508660041207,ðŸ‡¨ðŸ‡³
6906,CHN,2012,Cumulative AIDS cases & deaths,181491,"55,530",-1.0,China,1313973713,5000.0,ASIA (EX. NEAR EAST),0.013812376777738476,ðŸ‡¨ðŸ‡³
6909,CHN,2012,Cumulative AIDS cases & deaths,178002,"54,582",-1.0,China,1313973713,5000.0,ASIA (EX. NEAR EAST),0.013546846351560156,ðŸ‡¨ðŸ‡³
6962,CHN,2009,Cumulative AIDS cases & deaths,1572,888,-1.0,China,1313973713,5000.0,ASIA (EX. NEAR EAST),0.00011963709657561466,ðŸ‡¨ðŸ‡³
7084,CHN,2001,Cumulative AIDS cases & deaths,2,2,-1.0,China,1313973713,5000.0,ASIA (EX. NEAR EAST),1.522100465338609e-07,ðŸ‡¨ðŸ‡³
7118,CHN,2012,Cumulative AIDS cases & deaths,205420,"62,785",-1.0,China,1313973713,5000.0,ASIA (EX. NEAR EAST),0.015633493879492855,ðŸ‡¨ðŸ‡³
7143,CHN,2011,Cumulative AIDS cases & deaths,461,138,-1.0,China,1313973713,5000.0,ASIA (EX. NEAR EAST),3.508441572605494e-05,ðŸ‡¨ðŸ‡³
7156,CHN,2011,Cumulative AIDS cases & deaths,17,4,-1.0,China,1313973713,5000.0,ASIA (EX. NEAR EAST),1.2937853955378177e-06,ðŸ‡¨ðŸ‡³
7188,CHN,2011,Cumulative AIDS cases & deaths,48,15,-1.0,China,1313973713,5000.0,ASIA (EX. NEAR EAST),3.6530411168126617e-06,ðŸ‡¨ðŸ‡³
7234,CHN,2011,Cumulative AIDS cases & deaths,230,42,-1.0,China,1313973713,5000.0,ASIA (EX. NEAR EAST),1.7504155351394005e-05,ðŸ‡¨ðŸ‡³
7372,CHN,2011,Cumulative AIDS cases & deaths,5,2,-1.0,China,1313973713,5000.0,ASIA (EX. NEAR EAST),3.805251163346523e-07,ðŸ‡¨ðŸ‡³
7647,CHN,2003,Cumulative AIDS cases & deaths,7,5,-1.0,China,1313973713,5000.0,ASIA (EX. NEAR EAST),5.327351628685132e-07,ðŸ‡¨ðŸ‡³
7740,CHN,2011,Cumulative AIDS cases & deaths,72,28,-1.0,China,1313973713,5000.0,ASIA (EX. NEAR EAST),5.479561675218993e-06,ðŸ‡¨ðŸ‡³
7795,CHN,2011,Cumulative AIDS cases & deaths,44,10,-1.0,China,1313973713,5000.0,ASIA (EX. NEAR EAST),3.34862102374494e-06,ðŸ‡¨ðŸ‡³
7844,CHN,2011,Cumulative AIDS cases & deaths,41,20,-1.0,China,1313973713,5000.0,ASIA (EX. NEAR EAST),3.120305953944149e-06,ðŸ‡¨ðŸ‡³
7974,CHN,2000,Cumulative AIDS cases & deaths,0,0,-1.0,China,1313973713,5000.0,ASIA (EX. NEAR EAST),0.0,ðŸ‡¨ðŸ‡³
7978,CHN,2002,Cumulative AIDS cases & deaths,7,4,-1.0,China,1313973713,5000.0,ASIA (EX. NEAR EAST),5.327351628685132e-07,ðŸ‡¨ðŸ‡³
8027,CHN,2011,Cumulative AIDS cases & deaths,918,259,-1.0,China,1313973713,5000.0,ASIA (EX. NEAR EAST),6.986441135904216e-05,ðŸ‡¨ðŸ‡³
8226,CHN,2011,Cumulative AIDS cases & deaths,0,0,-1.0,China,1313973713,5000.0,ASIA (EX. NEAR EAST),0.0,ðŸ‡¨ðŸ‡³
8262,CHN,1995,Cumulative AIDS cases & deaths,77,49,-1.0,China,1313973713,5000.0,ASIA (EX. NEAR EAST),5.8600867915536445e-06,ðŸ‡¨ðŸ‡³
8346,CHN,2004,Cumulative AIDS cases & deaths,23,8,-1.0,China,1313973713,5000.0,ASIA (EX. NEAR EAST),1.7504155351394006e-06,ðŸ‡¨ðŸ‡³
8488,COK,2004,Cumulative AIDS cases & deaths,0,0,-1.0,Cook Islands,21388,5000.0,OCEANIA,0.0,ðŸ‡¨ðŸ‡°
8495,COL,1988,Cumulative AIDS cases & deaths,308,98,-1.0,Colombia,43593035,6300.0,LATIN AMER. & CARIB,0.0007065348856761178,ðŸ‡¨ðŸ‡´
8508,COL,1999,Cumulative AIDS cases & deaths,6006,"3,375",-1.0,Colombia,43593035,6300.0,LATIN AMER. & CARIB,0.013777430270684298,ðŸ‡¨ðŸ‡´
8518,COL,1995,Cumulative AIDS cases & deaths,6541,"2,867",-1.0,Colombia,43593035,6300.0,LATIN AMER. & CARIB,0.015004690542881447,ðŸ‡¨ðŸ‡´
8525,COL,1987,Cumulative AIDS cases & deaths,57,34,-1.0,Colombia,43593035,6300.0,LATIN AMER. & CARIB,0.00013075483273876205,ðŸ‡¨ðŸ‡´
8528,COL,1987,Cumulative AIDS cases & deaths,153,53,-1.0,Colombia,43593035,6300.0,LATIN AMER. & CARIB,0.0003509734984040455,ðŸ‡¨ðŸ‡´
8712,CRI,1995,Cumulative AIDS cases & deaths,898,499,-1.0,Costa Rica,4075261,9100.0,LATIN AMER. & CARIB,0.022035398468956958,ðŸ‡¨ðŸ‡·
8715,CRI,1987,Cumulative AIDS cases & deaths,31,18,-1.0,Costa Rica,4075261,9100.0,LATIN AMER. & CARIB,0.0007606874749862646,ðŸ‡¨ðŸ‡·
8717,CRI,1988,Cumulative AIDS cases & deaths,93,41,-1.0,Costa Rica,4075261,9100.0,LATIN AMER. & CARIB,0.002282062424958794,ðŸ‡¨ðŸ‡·
8720,CRI,1987,Cumulative AIDS cases & deaths,27,15,-1.0,Costa Rica,4075261,9100.0,LATIN AMER. & CARIB,0.0006625342524073919,ðŸ‡¨ðŸ‡·
8722,CRI,1999,Cumulative AIDS cases & deaths,1277,840,-1.0,Costa Rica,4075261,9100.0,LATIN AMER. & CARIB,0.031335416308305164,ðŸ‡¨ðŸ‡·
8745,CUB,1995,Cumulative AIDS cases & deaths,440,288,-1.0,Cuba,11382820,2900.0,LATIN AMER. & CARIB,0.003865474460634535,ðŸ‡¨ðŸ‡º
8752,CUB,1987,Cumulative AIDS cases & deaths,4,3,-1.0,Cuba,11382820,2900.0,LATIN AMER. & CARIB,3.514067691485941e-05,ðŸ‡¨ðŸ‡º
8755,CUB,1988,Cumulative AIDS cases & deaths,43,11,-1.0,Cuba,11382820,2900.0,LATIN AMER. & CARIB,0.00037776227683473864,ðŸ‡¨ðŸ‡º
8758,CUB,1986,Cumulative AIDS cases & deaths,3,3,-1.0,Cuba,11382820,2900.0,LATIN AMER. & CARIB,2.6355507686144556e-05,ðŸ‡¨ðŸ‡º
8764,CUB,1999,Cumulative AIDS cases & deaths,889,578,-1.0,Cuba,11382820,2900.0,LATIN AMER. & CARIB,0.007810015444327504,ðŸ‡¨ðŸ‡º
8796,CYM,1989,Cumulative AIDS cases & deaths,5,5,-1.0,Cayman Islands,45436,35000.0,LATIN AMER. & CARIB,0.011004489831851396,ðŸ‡°ðŸ‡¾
8800,CYM,1999,Cumulative AIDS cases & deaths,26,19,-1.0,Cayman Islands,45436,35000.0,LATIN AMER. & CARIB,0.05722334712562725,ðŸ‡°ðŸ‡¾
8804,CYM,1995,Cumulative AIDS cases & deaths,18,16,-1.0,Cayman Islands,45436,35000.0,LATIN AMER. & CARIB,0.039616163394665026,ðŸ‡°ðŸ‡¾
8808,CYM,1986,Cumulative AIDS cases & deaths,2,2,-1.0,Cayman Islands,45436,35000.0,LATIN AMER. & CARIB,0.004401795932740558,ðŸ‡°ðŸ‡¾
8813,CYM,1987,Cumulative AIDS cases & deaths,2,2,-1.0,Cayman Islands,45436,35000.0,LATIN AMER. & CARIB,0.004401795932740558,ðŸ‡°ðŸ‡¾
8814,CYM,1988,Cumulative AIDS cases & deaths,4,2,-1.0,Cayman Islands,45436,35000.0,LATIN AMER. & CARIB,0.008803591865481117,ðŸ‡°ðŸ‡¾
8842,CZE,2009,Cumulative AIDS cases & deaths,292,156,-1.0,Czech Republic,10235455,15700.0,EASTERN EUROPE,0.00285282872134165,ðŸ‡¨ðŸ‡¿
8940,DMA,1989,Cumulative AIDS cases & deaths,10,4,-1.0,Dominica,68910,5400.0,LATIN AMER. & CARIB,0.014511681903932667,ðŸ‡©ðŸ‡²
8941,DMA,1988,Cumulative AIDS cases & deaths,6,6,-1.0,Dominica,68910,5400.0,LATIN AMER. & CARIB,0.0087070091423596,ðŸ‡©ðŸ‡²
8947,DMA,1998,Cumulative AIDS cases & deaths,97,94,-1.0,Dominica,68910,5400.0,LATIN AMER. & CARIB,0.14076331446814686,ðŸ‡©ðŸ‡²
8948,DMA,1995,Cumulative AIDS cases & deaths,31,11,-1.0,Dominica,68910,5400.0,LATIN AMER. & CARIB,0.04498621390219126,ðŸ‡©ðŸ‡²
8949,DMA,1987,Cumulative AIDS cases & deaths,5,3,-1.0,Dominica,68910,5400.0,LATIN AMER. & CARIB,0.007255840951966333,ðŸ‡©ðŸ‡²
8954,DMA,1987,Cumulative AIDS cases & deaths,3,3,-1.0,Dominica,68910,5400.0,LATIN AMER. & CARIB,0.0043535045711798,ðŸ‡©ðŸ‡²
8977,DOM,1988,Cumulative AIDS cases & deaths,701,65,-1.0,Dominican Republic,9183984,6000.0,LATIN AMER. & CARIB,0.0076328530189076985,ðŸ‡©ðŸ‡´
8992,DOM,1986,Cumulative AIDS cases & deaths,200,35,-1.0,Dominican Republic,9183984,6000.0,LATIN AMER. & CARIB,0.0021777041423417113,ðŸ‡©ðŸ‡´
9001,DOM,2000,Cumulative AIDS cases & deaths,4965,989,-1.0,Dominican Republic,9183984,6000.0,LATIN AMER. & CARIB,0.054061505333632985,ðŸ‡©ðŸ‡´
9009,DOM,1987,Cumulative AIDS cases & deaths,200,35,-1.0,Dominican Republic,9183984,6000.0,LATIN AMER. & CARIB,0.0021777041423417113,ðŸ‡©ðŸ‡´
9013,DOM,1995,Cumulative AIDS cases & deaths,3090,617,-1.0,Dominican Republic,9183984,6000.0,LATIN AMER. & CARIB,0.03364552899917944,ðŸ‡©ðŸ‡´
9101,ECU,1997,Cumulative AIDS cases & deaths,553,430,-1.0,Ecuador,13547510,3300.0,LATIN AMER. & CARIB,0.004081930923099521,ðŸ‡ªðŸ‡¨
9107,ECU,1995,Cumulative AIDS cases & deaths,543,393,-1.0,Ecuador,13547510,3300.0,LATIN AMER. & CARIB,0.004008116620692659,ðŸ‡ªðŸ‡¨
9121,ECU,1987,Cumulative AIDS cases & deaths,52,6,-1.0,Ecuador,13547510,3300.0,LATIN AMER. & CARIB,0.0003838343725156874,ðŸ‡ªðŸ‡¨
9122,ECU,1988,Cumulative AIDS cases & deaths,45,26,-1.0,Ecuador,13547510,3300.0,LATIN AMER. & CARIB,0.0003321643608308833,ðŸ‡ªðŸ‡¨
9125,ECU,1987,Cumulative AIDS cases & deaths,18,6,-1.0,Ecuador,13547510,3300.0,LATIN AMER. & CARIB,0.00013286574433235334,ðŸ‡ªðŸ‡¨
9378,FJI,2004,Cumulative AIDS cases & deaths,30,17,-1.0,Fiji,905949,5800.0,OCEANIA,0.003311444683972276,ðŸ‡«ðŸ‡¯
9380,FJI,1995,Cumulative AIDS cases & deaths,7,7,-1.0,Fiji,905949,5800.0,OCEANIA,0.0007726704262601979,ðŸ‡«ðŸ‡¯
9421,GEO,2006,Cumulative AIDS cases & deaths,518,269,-1.0,Georgia,4661473,2500.0,C.W. OF IND. STATES,0.01111236727103214,ðŸ‡¬ðŸ‡ª
9567,GRD,1997,Cumulative AIDS cases & deaths,102,68,-1.0,Grenada,89703,5000.0,LATIN AMER. & CARIB,0.11370857161967828,ðŸ‡¬ðŸ‡©
9569,GRD,1995,Cumulative AIDS cases & deaths,76,53,-1.0,Grenada,89703,5000.0,LATIN AMER. & CARIB,0.08472403375583872,ðŸ‡¬ðŸ‡©
9571,GRD,1988,Cumulative AIDS cases & deaths,16,5,-1.0,Grenada,89703,5000.0,LATIN AMER. & CARIB,0.017836638685439728,ðŸ‡¬ðŸ‡©
9583,GRD,1987,Cumulative AIDS cases & deaths,4,3,-1.0,Grenada,89703,5000.0,LATIN AMER. & CARIB,0.004459159671359932,ðŸ‡¬ðŸ‡©
9585,GRD,1987,Cumulative AIDS cases & deaths,6,5,-1.0,Grenada,89703,5000.0,LATIN AMER. & CARIB,0.006688739507039899,ðŸ‡¬ðŸ‡©
9611,GRD,1989,Cumulative AIDS cases & deaths,19,12,-1.0,Grenada,89703,5000.0,LATIN AMER. & CARIB,0.02118100843895968,ðŸ‡¬ðŸ‡©
9941,GTM,2000,Cumulative AIDS cases & deaths,3338,537,-1.0,Guatemala,12293545,4100.0,LATIN AMER. & CARIB,0.027152460905296234,ðŸ‡¬ðŸ‡¹
9948,GTM,1988,Cumulative AIDS cases & deaths,47,36,-1.0,Guatemala,12293545,4100.0,LATIN AMER. & CARIB,0.000382314458522745,ðŸ‡¬ðŸ‡¹
9951,GTM,1987,Cumulative AIDS cases & deaths,27,27,-1.0,Guatemala,12293545,4100.0,LATIN AMER. & CARIB,0.00021962745489604503,ðŸ‡¬ðŸ‡¹
9954,GTM,1987,Cumulative AIDS cases & deaths,22,13,-1.0,Guatemala,12293545,4100.0,LATIN AMER. & CARIB,0.00017895570398937004,ðŸ‡¬ðŸ‡¹
10131,GTM,1995,Cumulative AIDS cases & deaths,711,242,-1.0,Guatemala,12293545,4100.0,LATIN AMER. & CARIB,0.005783522978929186,ðŸ‡¬ðŸ‡¹
10162,GUY,1995,Cumulative AIDS cases & deaths,698,193,-1.0,Guyana,767245,4000.0,LATIN AMER. & CARIB,0.0909748515793521,ðŸ‡¬ðŸ‡¾
10165,GUY,1988,Cumulative AIDS cases & deaths,40,19,-1.0,Guyana,767245,4000.0,LATIN AMER. & CARIB,0.005213458543229346,ðŸ‡¬ðŸ‡¾
10166,GUY,1987,Cumulative AIDS cases & deaths,4,2,-1.0,Guyana,767245,4000.0,LATIN AMER. & CARIB,0.0005213458543229347,ðŸ‡¬ðŸ‡¾
10167,GUY,1987,Cumulative AIDS cases & deaths,2,0,-1.0,Guyana,767245,4000.0,LATIN AMER. & CARIB,0.0002606729271614673,ðŸ‡¬ðŸ‡¾
10171,GUY,2000,Cumulative AIDS cases & deaths,1214,377,-1.0,Guyana,767245,4000.0,LATIN AMER. & CARIB,0.15822846678701066,ðŸ‡¬ðŸ‡¾
10425,GUY,1989,Cumulative AIDS cases & deaths,82,23,-1.0,Guyana,767245,4000.0,LATIN AMER. & CARIB,0.01068759001362016,ðŸ‡¬ðŸ‡¾
11286,HKG,1995,Cumulative AIDS cases & deaths,148,74,-1.0,Hong Kong,6940432,28800.0,ASIA (EX. NEAR EAST),0.0021324321022092,ðŸ‡­ðŸ‡°
11406,HND,1995,Cumulative AIDS cases & deaths,4973,955,-1.0,Honduras,7326496,2600.0,LATIN AMER. & CARIB,0.06787692233777239,ðŸ‡­ðŸ‡³
11409,HND,1988,Cumulative AIDS cases & deaths,211,97,-1.0,Honduras,7326496,2600.0,LATIN AMER. & CARIB,0.0028799578952885528,ðŸ‡­ðŸ‡³
11413,HND,1987,Cumulative AIDS cases & deaths,29,13,-1.0,Honduras,7326496,2600.0,LATIN AMER. & CARIB,0.0003958235969827869,ðŸ‡­ðŸ‡³
11416,HND,1987,Cumulative AIDS cases & deaths,20,11,-1.0,Honduras,7326496,2600.0,LATIN AMER. & CARIB,0.0002729817910226116,ðŸ‡­ðŸ‡³
11439,HND,1999,Cumulative AIDS cases & deaths,10866,"1,081",-1.0,Honduras,7326496,2600.0,LATIN AMER. & CARIB,0.1483110070625849,ðŸ‡­ðŸ‡³
11691,HTI,1995,Cumulative AIDS cases & deaths,4967,297,-1.0,Haiti,8308504,1600.0,LATIN AMER. & CARIB,0.05978212202822553,ðŸ‡­ðŸ‡¹
11692,HTI,1988,Cumulative AIDS cases & deaths,1849,295,-1.0,Haiti,8308504,1600.0,LATIN AMER. & CARIB,0.022254307153249248,ðŸ‡­ðŸ‡¹
11693,HTI,1987,Cumulative AIDS cases & deaths,912,124,-1.0,Haiti,8308504,1600.0,LATIN AMER. & CARIB,0.010976705313014232,ðŸ‡­ðŸ‡¹
11699,HTI,1999,Cumulative AIDS cases & deaths,8902,"1,280",-1.0,Haiti,8308504,1600.0,LATIN AMER. & CARIB,0.10714323541277707,ðŸ‡­ðŸ‡¹
11705,HTI,1986,Cumulative AIDS cases & deaths,810,124,-1.0,Haiti,8308504,1600.0,LATIN AMER. & CARIB,0.009749047481953429,ðŸ‡­ðŸ‡¹
11815,IDN,1997,Cumulative AIDS cases & deaths,153,84,-1.0,Indonesia,245452739,3200.0,ASIA (EX. NEAR EAST),6.23337920869565e-05,ðŸ‡®ðŸ‡©
11818,IDN,1997,Cumulative AIDS cases & deaths,0,0,-1.0,Indonesia,245452739,3200.0,ASIA (EX. NEAR EAST),0.0,ðŸ‡®ðŸ‡©
11819,IDN,1997,Cumulative AIDS cases & deaths,37,17,-1.0,Indonesia,245452739,3200.0,ASIA (EX. NEAR EAST),1.507418501449275e-05,ðŸ‡®ðŸ‡©
11820,IDN,1997,Cumulative AIDS cases & deaths,2,0,-1.0,Indonesia,245452739,3200.0,ASIA (EX. NEAR EAST),8.148208115942026e-07,ðŸ‡®ðŸ‡©
11821,IDN,1997,Cumulative AIDS cases & deaths,13,6,-1.0,Indonesia,245452739,3200.0,ASIA (EX. NEAR EAST),5.296335275362317e-06,ðŸ‡®ðŸ‡©
11822,IDN,1997,Cumulative AIDS cases & deaths,0,0,-1.0,Indonesia,245452739,3200.0,ASIA (EX. NEAR EAST),0.0,ðŸ‡®ðŸ‡©
11823,IDN,1997,Cumulative AIDS cases & deaths,2,2,-1.0,Indonesia,245452739,3200.0,ASIA (EX. NEAR EAST),8.148208115942026e-07,ðŸ‡®ðŸ‡©
11824,IDN,1997,Cumulative AIDS cases & deaths,0,0,-1.0,Indonesia,245452739,3200.0,ASIA (EX. NEAR EAST),0.0,ðŸ‡®ðŸ‡©
11825,IDN,1997,Cumulative AIDS cases & deaths,8,6,-1.0,Indonesia,245452739,3200.0,ASIA (EX. NEAR EAST),3.2592832463768105e-06,ðŸ‡®ðŸ‡©
11826,IDN,1997,Cumulative AIDS cases & deaths,2,0,-1.0,Indonesia,245452739,3200.0,ASIA (EX. NEAR EAST),8.148208115942026e-07,ðŸ‡®ðŸ‡©
11827,IDN,1997,Cumulative AIDS cases & deaths,11,8,-1.0,Indonesia,245452739,3200.0,ASIA (EX. NEAR EAST),4.481514463768115e-06,ðŸ‡®ðŸ‡©
11828,IDN,1997,Cumulative AIDS cases & deaths,1,1,-1.0,Indonesia,245452739,3200.0,ASIA (EX. NEAR EAST),4.074104057971013e-07,ðŸ‡®ðŸ‡©
11829,IDN,1997,Cumulative AIDS cases & deaths,0,0,-1.0,Indonesia,245452739,3200.0,ASIA (EX. NEAR EAST),0.0,ðŸ‡®ðŸ‡©
11830,IDN,1997,Cumulative AIDS cases & deaths,2,2,-1.0,Indonesia,245452739,3200.0,ASIA (EX. NEAR EAST),8.148208115942026e-07,ðŸ‡®ðŸ‡©
11832,IDN,1997,Cumulative AIDS cases & deaths,0,0,-1.0,Indonesia,245452739,3200.0,ASIA (EX. NEAR EAST),0.0,ðŸ‡®ðŸ‡©
11833,IDN,1997,Cumulative AIDS cases & deaths,70,37,-1.0,Indonesia,245452739,3200.0,ASIA (EX. NEAR EAST),2.8518728405797095e-05,ðŸ‡®ðŸ‡©
11845,IDN,1997,Cumulative AIDS cases & deaths,152,82,-1.0,Indonesia,245452739,3200.0,ASIA (EX. NEAR EAST),6.19263816811594e-05,ðŸ‡®ðŸ‡©
11851,IDN,1997,Cumulative AIDS cases & deaths,0,0,-1.0,Indonesia,245452739,3200.0,ASIA (EX. NEAR EAST),0.0,ðŸ‡®ðŸ‡©
11852,IDN,1997,Cumulative AIDS cases & deaths,2,1,-1.0,Indonesia,245452739,3200.0,ASIA (EX. NEAR EAST),8.148208115942026e-07,ðŸ‡®ðŸ‡©
11853,IDN,1997,Cumulative AIDS cases & deaths,0,0,-1.0,Indonesia,245452739,3200.0,ASIA (EX. NEAR EAST),0.0,ðŸ‡®ðŸ‡©
11854,IDN,1997,Cumulative AIDS cases & deaths,0,0,-1.0,Indonesia,245452739,3200.0,ASIA (EX. NEAR EAST),0.0,ðŸ‡®ðŸ‡©
11855,IDN,1997,Cumulative AIDS cases & deaths,0,0,-1.0,Indonesia,245452739,3200.0,ASIA (EX. NEAR EAST),0.0,ðŸ‡®ðŸ‡©
11856,IDN,1997,Cumulative AIDS cases & deaths,2,2,-1.0,Indonesia,245452739,3200.0,ASIA (EX. NEAR EAST),8.148208115942026e-07,ðŸ‡®ðŸ‡©
12184,JAM,1987,Cumulative AIDS cases & deaths,47,29,-1.0,Jamaica,2758124,3900.0,LATIN AMER. & CARIB,0.0017040568154296182,ðŸ‡¯ðŸ‡²
12186,JAM,1990,Cumulative AIDS cases & deaths,218,127,-1.0,Jamaica,2758124,3900.0,LATIN AMER. & CARIB,0.007903923101354399,ðŸ‡¯ðŸ‡²
12187,JAM,2001,Cumulative AIDS cases & deaths,6038,"3,720",-1.0,Jamaica,2758124,3900.0,LATIN AMER. & CARIB,0.21891691599072416,ðŸ‡¯ðŸ‡²
12188,JAM,1991,Cumulative AIDS cases & deaths,361,232,-1.0,Jamaica,2758124,3900.0,LATIN AMER. & CARIB,0.013088606603618982,ðŸ‡¯ðŸ‡²
12190,JAM,1992,Cumulative AIDS cases & deaths,496,340,-1.0,Jamaica,2758124,3900.0,LATIN AMER. & CARIB,0.01798323788198065,ðŸ‡¯ðŸ‡²
12192,JAM,2004,Cumulative AIDS cases & deaths,9209,"5,727",-1.0,Jamaica,2758124,3900.0,LATIN AMER. & CARIB,0.33388636624024154,ðŸ‡¯ðŸ‡²
12195,JAM,2005,Cumulative AIDS cases & deaths,10553,"6,241",-1.0,Jamaica,2758124,3900.0,LATIN AMER. & CARIB,0.38261513985593104,ðŸ‡¯ðŸ‡²
12197,JAM,2007,Cumulative AIDS cases & deaths,12520,"6,993",-1.0,Jamaica,2758124,3900.0,LATIN AMER. & CARIB,0.45393173040805995,ðŸ‡¯ðŸ‡²
12200,JAM,2009,Cumulative AIDS cases & deaths,14354,"7,772",-1.0,Jamaica,2758124,3900.0,LATIN AMER. & CARIB,0.5204262027378029,ðŸ‡¯ðŸ‡²
12201,JAM,2002,Cumulative AIDS cases & deaths,7027,"4,412",-1.0,Jamaica,2758124,3900.0,LATIN AMER. & CARIB,0.2547746221707219,ðŸ‡¯ðŸ‡²
12203,JAM,1995,Cumulative AIDS cases & deaths,1533,907,-1.0,Jamaica,2758124,3900.0,LATIN AMER. & CARIB,0.05558125740539584,ðŸ‡¯ðŸ‡²
12205,JAM,1988,Cumulative AIDS cases & deaths,79,50,-1.0,Jamaica,2758124,3900.0,LATIN AMER. & CARIB,0.0028642657110412727,ðŸ‡¯ðŸ‡²
12207,JAM,1996,Cumulative AIDS cases & deaths,2052,"1,198",-1.0,Jamaica,2758124,3900.0,LATIN AMER. & CARIB,0.07439839543109737,ðŸ‡¯ðŸ‡²
12209,JAM,1987,Cumulative AIDS cases & deaths,30,20,-1.0,Jamaica,2758124,3900.0,LATIN AMER. & CARIB,0.0010876958396359266,ðŸ‡¯ðŸ‡²
12212,JAM,1987,Cumulative AIDS cases & deaths,21,17,-1.0,Jamaica,2758124,3900.0,LATIN AMER. & CARIB,0.0007613870877451485,ðŸ‡¯ðŸ‡²
12220,JAM,1999,Cumulative AIDS cases & deaths,3976,"1,642",-1.0,Jamaica,2758124,3900.0,LATIN AMER. & CARIB,0.14415595527974812,ðŸ‡¯ðŸ‡²
12226,JAM,1998,Cumulative AIDS cases & deaths,3304,"1,966",-1.0,Jamaica,2758124,3900.0,LATIN AMER. & CARIB,0.11979156847190335,ðŸ‡¯ðŸ‡²
12233,JAM,2000,Cumulative AIDS cases & deaths,5099,"3,132",-1.0,Jamaica,2758124,3900.0,LATIN AMER. & CARIB,0.18487203621011963,ðŸ‡¯ðŸ‡²
12241,JAM,1986,Cumulative AIDS cases & deaths,13,11,-1.0,Jamaica,2758124,3900.0,LATIN AMER. & CARIB,0.00047133486384223484,ðŸ‡¯ðŸ‡²
12242,JAM,1994,Cumulative AIDS cases & deaths,1050,686,-1.0,Jamaica,2758124,3900.0,LATIN AMER. & CARIB,0.03806935438725742,ðŸ‡¯ðŸ‡²
12244,JAM,1985,Cumulative AIDS cases & deaths,5,2,-1.0,Jamaica,2758124,3900.0,LATIN AMER. & CARIB,0.00018128263993932107,ðŸ‡¯ðŸ‡²
12247,JAM,2003,Cumulative AIDS cases & deaths,8097,"5,062",-1.0,Jamaica,2758124,3900.0,LATIN AMER. & CARIB,0.29356910711773654,ðŸ‡¯ðŸ‡²
12248,JAM,2006,Cumulative AIDS cases & deaths,11739,"6,673",-1.0,Jamaica,2758124,3900.0,LATIN AMER. & CARIB,0.425615382049538,ðŸ‡¯ðŸ‡²
12264,JAM,1999,Cumulative AIDS cases & deaths,4196,"2,515",-1.0,Jamaica,2758124,3900.0,LATIN AMER. & CARIB,0.15213239143707824,ðŸ‡¯ðŸ‡²
12266,JAM,1995,Cumulative AIDS cases & deaths,1561,955,-1.0,Jamaica,2758124,3900.0,LATIN AMER. & CARIB,0.05659644018905604,ðŸ‡¯ðŸ‡²
12269,JAM,1993,Cumulative AIDS cases & deaths,715,486,-1.0,Jamaica,2758124,3900.0,LATIN AMER. & CARIB,0.025923417511322915,ðŸ‡¯ðŸ‡²
12271,JAM,1997,Cumulative AIDS cases & deaths,2661,"1,591",-1.0,Jamaica,2758124,3900.0,LATIN AMER. & CARIB,0.09647862097570668,ðŸ‡¯ðŸ‡²
12273,JAM,1982,Cumulative AIDS cases & deaths,1,0,-1.0,Jamaica,2758124,3900.0,LATIN AMER. & CARIB,3.625652798786421e-05,ðŸ‡¯ðŸ‡²
12274,JAM,2008,Cumulative AIDS cases & deaths,13445,"7,394",-1.0,Jamaica,2758124,3900.0,LATIN AMER. & CARIB,0.4874690187968344,ðŸ‡¯ðŸ‡²
12275,JAM,1983,Cumulative AIDS cases & deaths,2,1,-1.0,Jamaica,2758124,3900.0,LATIN AMER. & CARIB,7.251305597572842e-05,ðŸ‡¯ðŸ‡²
12276,JAM,1984,Cumulative AIDS cases & deaths,2,2,-1.0,Jamaica,2758124,3900.0,LATIN AMER. & CARIB,7.251305597572842e-05,ðŸ‡¯ðŸ‡²
12427,JAM,2005,Cumulative AIDS cases & deaths,10553,0,-1.0,Jamaica,2758124,3900.0,LATIN AMER. & CARIB,0.38261513985593104,ðŸ‡¯ðŸ‡²
12592,JAM,1989,Cumulative AIDS cases & deaths,137,88,-1.0,Jamaica,2758124,3900.0,LATIN AMER. & CARIB,0.004967144334337398,ðŸ‡¯ðŸ‡²
12834,JPN,1995,Cumulative AIDS cases & deaths,1026,626,-1.0,Japan,127463611,28200.0,ASIA (EX. NEAR EAST),0.0008049356141338253,ðŸ‡¯ðŸ‡µ
12970,KAZ,2007,Cumulative AIDS cases & deaths,433,400,-1.0,Kazakhstan,15233244,6300.0,C.W. OF IND. STATES,0.0028424674350387875,ðŸ‡°ðŸ‡¿
13105,KHM,1995,Cumulative AIDS cases & deaths,86,12,-1.0,Cambodia,13881427,1900.0,ASIA (EX. NEAR EAST),0.0006195328477396452,ðŸ‡°ðŸ‡­
13110,KIR,2004,Cumulative AIDS cases & deaths,28,23,-1.0,Kiribati,105432,800.0,OCEANIA,0.0265574019273086,ðŸ‡°ðŸ‡®
13141,LAO,1995,Cumulative AIDS cases & deaths,13,13,-1.0,Laos,6368481,1700.0,ASIA (EX. NEAR EAST),0.00020413030988080202,ðŸ‡±ðŸ‡¦
13199,LCA,1999,Cumulative AIDS cases & deaths,111,104,-1.0,Saint Lucia,168458,5400.0,LATIN AMER. & CARIB,0.06589179498747462,ðŸ‡±ðŸ‡¨
13203,LCA,1995,Cumulative AIDS cases & deaths,76,66,-1.0,Saint Lucia,168458,5400.0,LATIN AMER. & CARIB,0.04511510287430695,ðŸ‡±ðŸ‡¨
13205,LCA,1988,Cumulative AIDS cases & deaths,11,8,-1.0,Saint Lucia,168458,5400.0,LATIN AMER. & CARIB,0.006529817521281269,ðŸ‡±ðŸ‡¨
13209,LCA,1987,Cumulative AIDS cases & deaths,6,2,-1.0,Saint Lucia,168458,5400.0,LATIN AMER. & CARIB,0.0035617186479716015,ðŸ‡±ðŸ‡¨
13212,LCA,1986,Cumulative AIDS cases & deaths,3,2,-1.0,Saint Lucia,168458,5400.0,LATIN AMER. & CARIB,0.0017808593239858007,ðŸ‡±ðŸ‡¨
13229,LCA,1989,Cumulative AIDS cases & deaths,17,8,-1.0,Saint Lucia,168458,5400.0,LATIN AMER. & CARIB,0.01009153616925287,ðŸ‡±ðŸ‡¨
13515,LKA,2005,Cumulative AIDS cases & deaths,190,135,-1.0,Sri Lanka,20222240,3700.0,ASIA (EX. NEAR EAST),0.0009395596135739661,ðŸ‡±ðŸ‡°
13558,LKA,2003,Cumulative AIDS cases & deaths,614,11,-1.0,Sri Lanka,20222240,3700.0,ASIA (EX. NEAR EAST),0.003036261067023238,ðŸ‡±ðŸ‡°
13559,LKA,2002,Cumulative AIDS cases & deaths,539,9,-1.0,Sri Lanka,20222240,3700.0,ASIA (EX. NEAR EAST),0.002665382272191409,ðŸ‡±ðŸ‡°
13581,LKA,2012,Cumulative AIDS cases & deaths,414,275,-1.0,Sri Lanka,20222240,3700.0,ASIA (EX. NEAR EAST),0.0020472509474716944,ðŸ‡±ðŸ‡°
13585,LKA,2011,Cumulative AIDS cases & deaths,374,253,-1.0,Sri Lanka,20222240,3700.0,ASIA (EX. NEAR EAST),0.001849448923561386,ðŸ‡±ðŸ‡°
13589,LKA,2010,Cumulative AIDS cases & deaths,340,221,-1.0,Sri Lanka,20222240,3700.0,ASIA (EX. NEAR EAST),0.0016813172032376237,ðŸ‡±ðŸ‡°
13596,LKA,2009,Cumulative AIDS cases & deaths,309,202,-1.0,Sri Lanka,20222240,3700.0,ASIA (EX. NEAR EAST),0.0015280206347071342,ðŸ‡±ðŸ‡°
13730,LTU,2001,Cumulative AIDS cases & deaths,46,20,-1.0,Lithuania,3585906,11400.0,BALTICS,0.001282799939541081,ðŸ‡±ðŸ‡¹
13731,LTU,2001,Cumulative AIDS cases & deaths,43,20,-1.0,Lithuania,3585906,11400.0,BALTICS,0.0011991390739188367,ðŸ‡±ðŸ‡¹
13732,LTU,2001,Cumulative AIDS cases & deaths,3,0,-1.0,Lithuania,3585906,11400.0,BALTICS,8.366086562224442e-05,ðŸ‡±ðŸ‡¹
13741,LVA,2000,Cumulative AIDS cases & deaths,72,22,-1.0,Latvia,2274735,10200.0,BALTICS,0.0031652038589110383,ðŸ‡±ðŸ‡»
13743,LVA,2001,Cumulative AIDS cases & deaths,114,36,-1.0,Latvia,2274735,10200.0,BALTICS,0.005011572776609143,ðŸ‡±ðŸ‡»
13744,LVA,1997,Cumulative AIDS cases & deaths,20,4,-1.0,Latvia,2274735,10200.0,BALTICS,0.0008792232941419549,ðŸ‡±ðŸ‡»
13745,LVA,1993,Cumulative AIDS cases & deaths,7,1,-1.0,Latvia,2274735,10200.0,BALTICS,0.00030772815294968423,ðŸ‡±ðŸ‡»
13746,LVA,1991,Cumulative AIDS cases & deaths,3,1,-1.0,Latvia,2274735,10200.0,BALTICS,0.00013188349412129324,ðŸ‡±ðŸ‡»
13747,LVA,1990,Cumulative AIDS cases & deaths,2,0,-1.0,Latvia,2274735,10200.0,BALTICS,8.79223294141955e-05,ðŸ‡±ðŸ‡»
13748,LVA,1994,Cumulative AIDS cases & deaths,9,3,-1.0,Latvia,2274735,10200.0,BALTICS,0.0003956504823638798,ðŸ‡±ðŸ‡»
13749,LVA,1995,Cumulative AIDS cases & deaths,12,4,-1.0,Latvia,2274735,10200.0,BALTICS,0.000527533976485173,ðŸ‡±ðŸ‡»
13750,LVA,1998,Cumulative AIDS cases & deaths,31,8,-1.0,Latvia,2274735,10200.0,BALTICS,0.0013627961059200302,ðŸ‡±ðŸ‡»
13752,LVA,2002,Cumulative AIDS cases & deaths,169,55,-1.0,Latvia,2274735,10200.0,BALTICS,0.00742943683549952,ðŸ‡±ðŸ‡»
13753,LVA,2003,Cumulative AIDS cases & deaths,171,57,-1.0,Latvia,2274735,10200.0,BALTICS,0.007517359164913715,ðŸ‡±ðŸ‡»
13759,LVA,1996,Cumulative AIDS cases & deaths,17,4,-1.0,Latvia,2274735,10200.0,BALTICS,0.0007473398000206618,ðŸ‡±ðŸ‡»
13760,LVA,1992,Cumulative AIDS cases & deaths,4,1,-1.0,Latvia,2274735,10200.0,BALTICS,0.000175844658828391,ðŸ‡±ðŸ‡»
13761,LVA,1999,Cumulative AIDS cases & deaths,48,13,-1.0,Latvia,2274735,10200.0,BALTICS,0.002110135905940692,ðŸ‡±ðŸ‡»
13851,MDA,2004,Cumulative AIDS cases & deaths,103,70,-1.0,Moldova,4466706,1800.0,C.W. OF IND. STATES,0.002305949843128247,ðŸ‡²ðŸ‡©
13881,MDA,2006,Cumulative AIDS cases & deaths,318,123,-1.0,Moldova,4466706,1800.0,C.W. OF IND. STATES,0.007119340292376529,ðŸ‡²ðŸ‡©
13935,MEX,1999,Cumulative AIDS cases & deaths,42283,"16,636",-1.0,Mexico,107449525,9000.0,LATIN AMER. & CARIB,0.03935150015786482,ðŸ‡²ðŸ‡½
14068,MEX,1988,Cumulative AIDS cases & deaths,2158,602,-1.0,Mexico,107449525,9000.0,LATIN AMER. & CARIB,0.0020083848672202134,ðŸ‡²ðŸ‡½
14072,MEX,1987,Cumulative AIDS cases & deaths,534,177,-1.0,Mexico,107449525,9000.0,LATIN AMER. & CARIB,0.0004969775343353077,ðŸ‡²ðŸ‡½
14076,MEX,1987,Cumulative AIDS cases & deaths,487,166,-1.0,Mexico,107449525,9000.0,LATIN AMER. & CARIB,0.000453236065957481,ðŸ‡²ðŸ‡½
14218,MHL,2004,Cumulative AIDS cases & deaths,2,2,-1.0,Marshall Islands,60422,1600.0,OCEANIA,0.0033100526298368146,ðŸ‡²ðŸ‡­
14219,MHL,1995,Cumulative AIDS cases & deaths,2,2,-1.0,Marshall Islands,60422,1600.0,OCEANIA,0.0033100526298368146,ðŸ‡²ðŸ‡­
14512,MSR,1999,Cumulative AIDS cases & deaths,7,0,-1.0,Montserrat,9439,3400.0,LATIN AMER. & CARIB,0.07416039834728255,ðŸ‡²ðŸ‡¸
14515,MSR,1995,Cumulative AIDS cases & deaths,7,0,-1.0,Montserrat,9439,3400.0,LATIN AMER. & CARIB,0.07416039834728255,ðŸ‡²ðŸ‡¸
14516,MSR,1988,Cumulative AIDS cases & deaths,0,0,-1.0,Montserrat,9439,3400.0,LATIN AMER. & CARIB,0.0,ðŸ‡²ðŸ‡¸
14517,MSR,1987,Cumulative AIDS cases & deaths,0,0,-1.0,Montserrat,9439,3400.0,LATIN AMER. & CARIB,0.0,ðŸ‡²ðŸ‡¸
14521,MSR,1989,Cumulative AIDS cases & deaths,1,0,-1.0,Montserrat,9439,3400.0,LATIN AMER. & CARIB,0.010594342621040365,ðŸ‡²ðŸ‡¸
14713,MYS,1997,Cumulative AIDS cases & deaths,667,603,-1.0,Malaysia,24385858,9000.0,ASIA (EX. NEAR EAST),0.0027351918476684316,ðŸ‡²ðŸ‡¾
14750,MYS,1995,Cumulative AIDS cases & deaths,259,201,-1.0,Malaysia,24385858,9000.0,ASIA (EX. NEAR EAST),0.001062090987325523,ðŸ‡²ðŸ‡¾
14784,NCL,2004,Cumulative AIDS cases & deaths,101,50,-1.0,New Caledonia,219246,15000.0,OCEANIA,0.046066974996123077,ðŸ‡³ðŸ‡¨
14787,NCL,1995,Cumulative AIDS cases & deaths,43,25,-1.0,New Caledonia,219246,15000.0,OCEANIA,0.019612672523101903,ðŸ‡³ðŸ‡¨
14885,NIC,1999,Cumulative AIDS cases & deaths,214,117,-1.0,Nicaragua,5570129,2300.0,LATIN AMER. & CARIB,0.0038419217939117747,ðŸ‡³ðŸ‡®
14890,NIC,1995,Cumulative AIDS cases & deaths,126,72,-1.0,Nicaragua,5570129,2300.0,LATIN AMER. & CARIB,0.0022620661029574,ðŸ‡³ðŸ‡®
14892,NIC,1988,Cumulative AIDS cases & deaths,2,2,-1.0,Nicaragua,5570129,2300.0,LATIN AMER. & CARIB,3.590581115805397e-05,ðŸ‡³ðŸ‡®
14896,NIC,1987,Cumulative AIDS cases & deaths,19,0,-1.0,Nicaragua,5570129,2300.0,LATIN AMER. & CARIB,0.0003411052060015127,ðŸ‡³ðŸ‡®
14945,NRU,2004,Cumulative AIDS cases & deaths,1,1,-1.0,Nauru,13287,5000.0,OCEANIA,0.007526153383005946,ðŸ‡³ðŸ‡·
14949,NZL,2004,Cumulative AIDS cases & deaths,845,607,-1.0,New Zealand,4076140,21600.0,OCEANIA,0.02073039689510174,ðŸ‡³ðŸ‡¿
14954,NZL,1995,Cumulative AIDS cases & deaths,511,417,-1.0,New Zealand,4076140,21600.0,OCEANIA,0.012536370193369216,ðŸ‡³ðŸ‡¿
14974,NZL,1987,Cumulative AIDS cases & deaths,45,21,-1.0,New Zealand,4076140,21600.0,OCEANIA,0.0011039856334669564,ðŸ‡³ðŸ‡¿
15023,PAK,1989,Cumulative AIDS cases & deaths,12,6,-1.0,Pakistan,165803560,2100.0,ASIA (EX. NEAR EAST),7.23748030500672e-06,ðŸ‡µðŸ‡°
15062,PAN,1999,Cumulative AIDS cases & deaths,3087,"1,830",-1.0,Panama,3191319,6300.0,LATIN AMER. & CARIB,0.09673116350950814,ðŸ‡µðŸ‡¦
15068,PAN,1995,Cumulative AIDS cases & deaths,1006,604,-1.0,Panama,3191319,6300.0,LATIN AMER. & CARIB,0.03152301603192911,ðŸ‡µðŸ‡¦
15072,PAN,1988,Cumulative AIDS cases & deaths,84,43,-1.0,Panama,3191319,6300.0,LATIN AMER. & CARIB,0.0026321405036600857,ðŸ‡µðŸ‡¦
15078,PAN,1987,Cumulative AIDS cases & deaths,22,18,-1.0,Panama,3191319,6300.0,LATIN AMER. & CARIB,0.0006893701319109748,ðŸ‡µðŸ‡¦
15081,PAN,1987,Cumulative AIDS cases & deaths,14,11,-1.0,Panama,3191319,6300.0,LATIN AMER. & CARIB,0.00043869008394334754,ðŸ‡µðŸ‡¦
15304,PER,1999,Cumulative AIDS cases & deaths,8119,"2,220",-1.0,Peru,28302603,5100.0,LATIN AMER. & CARIB,0.02868640739510779,ðŸ‡µðŸ‡ª
15380,PER,1995,Cumulative AIDS cases & deaths,2709,711,-1.0,Peru,28302603,5100.0,LATIN AMER. & CARIB,0.009571557782158764,ðŸ‡µðŸ‡ª
15382,PER,1988,Cumulative AIDS cases & deaths,137,75,-1.0,Peru,28302603,5100.0,LATIN AMER. & CARIB,0.0004840544171855854,ðŸ‡µðŸ‡ª
15385,PER,1987,Cumulative AIDS cases & deaths,44,6,-1.0,Peru,28302603,5100.0,LATIN AMER. & CARIB,0.00015546273252675736,ðŸ‡µðŸ‡ª
15387,PER,1986,Cumulative AIDS cases & deaths,9,6,-1.0,Peru,28302603,5100.0,LATIN AMER. & CARIB,3.1799195289564005e-05,ðŸ‡µðŸ‡ª
16347,PHL,1995,Cumulative AIDS cases & deaths,220,105,-1.0,Philippines,89468677,4600.0,ASIA (EX. NEAR EAST),0.0002458961140109404,ðŸ‡µðŸ‡­
16380,PLW,2004,Cumulative AIDS cases & deaths,4,3,-1.0,Palau,20579,9000.0,OCEANIA,0.019437290441712426,ðŸ‡µðŸ‡¼
16382,PLW,1995,Cumulative AIDS cases & deaths,1,1,-1.0,Palau,20579,9000.0,OCEANIA,0.004859322610428107,ðŸ‡µðŸ‡¼
16389,PNG,2004,Cumulative AIDS cases & deaths,1926,353,-1.0,Papua New Guinea,5670544,2200.0,OCEANIA,0.03396499524560607,ðŸ‡µðŸ‡¬
16394,PNG,1995,Cumulative AIDS cases & deaths,141,65,-1.0,Papua New Guinea,5670544,2200.0,OCEANIA,0.002486533919849665,ðŸ‡µðŸ‡¬
16416,PNG,1992,Cumulative AIDS cases & deaths,47,28,-1.0,Papua New Guinea,5670544,2200.0,OCEANIA,0.0008288446399498885,ðŸ‡µðŸ‡¬
16421,PNG,1995,Cumulative AIDS cases & deaths,141,65,-1.0,Papua New Guinea,5670544,2200.0,OCEANIA,0.002486533919849665,ðŸ‡µðŸ‡¬
16460,PRY,2000,Cumulative AIDS cases & deaths,469,242,-1.0,Paraguay,6506464,4700.0,LATIN AMER. & CARIB,0.007208216321491981,ðŸ‡µðŸ‡¾
16466,PRY,1995,Cumulative AIDS cases & deaths,190,131,-1.0,Paraguay,6506464,4700.0,LATIN AMER. & CARIB,0.0029201729234189264,ðŸ‡µðŸ‡¾
16470,PRY,1988,Cumulative AIDS cases & deaths,9,8,-1.0,Paraguay,6506464,4700.0,LATIN AMER. & CARIB,0.00013832398058300174,ðŸ‡µðŸ‡¾
16472,PRY,1987,Cumulative AIDS cases & deaths,14,9,-1.0,Paraguay,6506464,4700.0,LATIN AMER. & CARIB,0.0002151706364624472,ðŸ‡µðŸ‡¾
16474,PRY,1987,Cumulative AIDS cases & deaths,10,6,-1.0,Paraguay,6506464,4700.0,LATIN AMER. & CARIB,0.00015369331175889086,ðŸ‡µðŸ‡¾
16490,PYF,2004,Cumulative AIDS cases & deaths,94,61,-1.0,French Polynesia,274578,17500.0,OCEANIA,0.03423435235160865,ðŸ‡µðŸ‡«
16493,PYF,1995,Cumulative AIDS cases & deaths,45,33,-1.0,French Polynesia,274578,17500.0,OCEANIA,0.016388785700238183,ðŸ‡µðŸ‡«
16656,SGP,1995,Cumulative AIDS cases & deaths,145,98,-1.0,Singapore,4492150,23700.0,ASIA (EX. NEAR EAST),0.0032278530325122717,ðŸ‡¸ðŸ‡¬
16676,SLB,2004,Cumulative AIDS cases & deaths,2,2,-1.0,Solomon Islands,552438,1700.0,OCEANIA,0.00036203157639409306,ðŸ‡¸ðŸ‡§
16680,SLE,2002,Cumulative AIDS cases & deaths,1028,510,-1.0,Sierra Leone,6005250,500.0,SUB-SAHARAN AFRICA,0.01711835477290704,ðŸ‡¸ðŸ‡±
16707,SLV,1999,Cumulative AIDS cases & deaths,2285,305,-1.0,El Salvador,6822378,4800.0,LATIN AMER. & CARIB,0.03349272057338365,ðŸ‡¸ðŸ‡»
16712,SLV,1995,Cumulative AIDS cases & deaths,1372,236,-1.0,El Salvador,6822378,4800.0,LATIN AMER. & CARIB,0.020110289989795346,ðŸ‡¸ðŸ‡»
16715,SLV,1988,Cumulative AIDS cases & deaths,71,27,-1.0,El Salvador,6822378,4800.0,LATIN AMER. & CARIB,0.001040692849326144,ðŸ‡¸ðŸ‡»
16718,SLV,1987,Cumulative AIDS cases & deaths,12,6,-1.0,El Salvador,6822378,4800.0,LATIN AMER. & CARIB,0.0001758917491818835,ðŸ‡¸ðŸ‡»
16721,SLV,1987,Cumulative AIDS cases & deaths,9,6,-1.0,El Salvador,6822378,4800.0,LATIN AMER. & CARIB,0.0001319188118864126,ðŸ‡¸ðŸ‡»
16758,SUR,1995,Cumulative AIDS cases & deaths,211,191,-1.0,Suriname,439117,4000.0,LATIN AMER. & CARIB,0.048050975024879476,ðŸ‡¸ðŸ‡·
16764,SUR,1995,Cumulative AIDS cases & deaths,209,189,-1.0,Suriname,439117,4000.0,LATIN AMER. & CARIB,0.04759551554597066,ðŸ‡¸ðŸ‡·
16767,SUR,1988,Cumulative AIDS cases & deaths,11,11,-1.0,Suriname,439117,4000.0,LATIN AMER. & CARIB,0.002505027133998456,ðŸ‡¸ðŸ‡·
16769,SUR,1987,Cumulative AIDS cases & deaths,6,5,-1.0,Suriname,439117,4000.0,LATIN AMER. & CARIB,0.0013663784367264305,ðŸ‡¸ðŸ‡·
16771,SUR,1987,Cumulative AIDS cases & deaths,3,3,-1.0,Suriname,439117,4000.0,LATIN AMER. & CARIB,0.0006831892183632153,ðŸ‡¸ðŸ‡·
16976,SUR,1989,Cumulative AIDS cases & deaths,46,37,-1.0,Suriname,439117,4000.0,LATIN AMER. & CARIB,0.010475568014902634,ðŸ‡¸ðŸ‡·
17281,THA,2004,Cumulative AIDS cases & deaths,238375,"65,565",-1.0,Thailand,64631595,7400.0,ASIA (EX. NEAR EAST),0.36882116246705654,ðŸ‡¹ðŸ‡­
17395,TON,2004,Cumulative AIDS cases & deaths,9,8,-1.0,Tonga,114689,2200.0,OCEANIA,0.0078473088090401,ðŸ‡¹ðŸ‡´
17396,TON,1995,Cumulative AIDS cases & deaths,5,5,-1.0,Tonga,114689,2200.0,OCEANIA,0.004359616005022278,ðŸ‡¹ðŸ‡´
17428,TUV,2004,Cumulative AIDS cases & deaths,2,2,-1.0,Tuvalu,11810,1100.0,OCEANIA,0.01693480101608806,ðŸ‡¹ðŸ‡»
18510,URY,2000,Cumulative AIDS cases & deaths,1387,612,-1.0,Uruguay,3431932,12800.0,LATIN AMER. & CARIB,0.04041455366831277,ðŸ‡ºðŸ‡¾
18516,URY,1995,Cumulative AIDS cases & deaths,684,385,-1.0,Uruguay,3431932,12800.0,LATIN AMER. & CARIB,0.019930464822729588,ðŸ‡ºðŸ‡¾
18519,URY,1988,Cumulative AIDS cases & deaths,45,28,-1.0,Uruguay,3431932,12800.0,LATIN AMER. & CARIB,0.0013112147909690518,ðŸ‡ºðŸ‡¾
18523,URY,1987,Cumulative AIDS cases & deaths,13,8,-1.0,Uruguay,3431932,12800.0,LATIN AMER. & CARIB,0.00037879538405772607,ðŸ‡ºðŸ‡¾
18525,URY,1986,Cumulative AIDS cases & deaths,8,5,-1.0,Uruguay,3431932,12800.0,LATIN AMER. & CARIB,0.00023310485172783142,ðŸ‡ºðŸ‡¾
18568,VCT,2000,Cumulative AIDS cases & deaths,180,123,-1.0,Saint Vincent and the Grenadines,117848,2900.0,LATIN AMER. & CARIB,0.15273912158034078,ðŸ‡»ðŸ‡¨
18574,VCT,1995,Cumulative AIDS cases & deaths,68,69,-1.0,Saint Vincent and the Grenadines,117848,2900.0,LATIN AMER. & CARIB,0.05770144593035097,ðŸ‡»ðŸ‡¨
18576,VCT,1988,Cumulative AIDS cases & deaths,14,9,-1.0,Saint Vincent and the Grenadines,117848,2900.0,LATIN AMER. & CARIB,0.011879709456248727,ðŸ‡»ðŸ‡¨
18579,VCT,1987,Cumulative AIDS cases & deaths,3,2,-1.0,Saint Vincent and the Grenadines,117848,2900.0,LATIN AMER. & CARIB,0.0025456520263390132,ðŸ‡»ðŸ‡¨
18582,VCT,1986,Cumulative AIDS cases & deaths,3,2,-1.0,Saint Vincent and the Grenadines,117848,2900.0,LATIN AMER. & CARIB,0.0025456520263390132,ðŸ‡»ðŸ‡¨
18595,VCT,1989,Cumulative AIDS cases & deaths,22,15,-1.0,Saint Vincent and the Grenadines,117848,2900.0,LATIN AMER. & CARIB,0.018668114859819427,ðŸ‡»ðŸ‡¨
18656,VEN,1998,Cumulative AIDS cases & deaths,7548,"4,284",-1.0,Venezuela,25730435,4800.0,LATIN AMER. & CARIB,0.02933491019487234,ðŸ‡»ðŸ‡ª
18661,VEN,1995,Cumulative AIDS cases & deaths,4960,"2,976",-1.0,Venezuela,25730435,4800.0,LATIN AMER. & CARIB,0.01927678253399136,ðŸ‡»ðŸ‡ª
18665,VEN,1988,Cumulative AIDS cases & deaths,266,166,-1.0,Venezuela,25730435,4800.0,LATIN AMER. & CARIB,0.0010337951923471173,ðŸ‡»ðŸ‡ª
18667,VEN,1987,Cumulative AIDS cases & deaths,101,74,-1.0,Venezuela,25730435,4800.0,LATIN AMER. & CARIB,0.00039253125724458214,ðŸ‡»ðŸ‡ª
18669,VEN,1987,Cumulative AIDS cases & deaths,69,54,-1.0,Venezuela,25730435,4800.0,LATIN AMER. & CARIB,0.0002681649183156056,ðŸ‡»ðŸ‡ª
18688,VGB,1998,Cumulative AIDS cases & deaths,20,7,-1.0,Virgin Islands,108605,17200.0,LATIN AMER. & CARIB,0.01841535840891303,ðŸ‡»ðŸ‡¬
18716,VGB,1989,Cumulative AIDS cases & deaths,1,1,-1.0,Virgin Islands,108605,17200.0,LATIN AMER. & CARIB,0.0009207679204456517,ðŸ‡»ðŸ‡¬
18726,VNM,1994,Cumulative AIDS cases & deaths,75,18,-1.0,Vietnam,84402966,2500.0,ASIA (EX. NEAR EAST),8.885943652738459e-05,ðŸ‡»ðŸ‡³
18727,VNM,1995,Cumulative AIDS cases & deaths,131,55,-1.0,Vietnam,84402966,2500.0,ASIA (EX. NEAR EAST),0.00015520781580116507,ðŸ‡»ðŸ‡³
18737,VNM,1995,Cumulative AIDS cases & deaths,292,133,-1.0,Vietnam,84402966,2500.0,ASIA (EX. NEAR EAST),0.00034595940621328405,ðŸ‡»ðŸ‡³
18742,VNM,2012,Cumulative AIDS cases & deaths,59839,"62,184",-1.0,Vietnam,84402966,2500.0,ASIA (EX. NEAR EAST),0.07089679763149556,ðŸ‡»ðŸ‡³
18743,VNM,2010,Cumulative AIDS cases & deaths,37184,"45,227",-1.0,Vietnam,84402966,2500.0,ASIA (EX. NEAR EAST),0.04405532383779025,ðŸ‡»ðŸ‡³
18755,VNM,1996,Cumulative AIDS cases & deaths,701,411,-1.0,Vietnam,84402966,2500.0,ASIA (EX. NEAR EAST),0.0008305395334092881,ðŸ‡»ðŸ‡³
18774,VNM,2005,Cumulative AIDS cases & deaths,16917,"9,862",-1.0,Vietnam,84402966,2500.0,ASIA (EX. NEAR EAST),0.020043134503116868,ðŸ‡»ðŸ‡³
18778,VUT,2004,Cumulative AIDS cases & deaths,2,0,-1.0,Vanuatu,208869,2900.0,OCEANIA,0.0009575379783500663,ðŸ‡»ðŸ‡º
18784,WLF,2004,Cumulative AIDS cases & deaths,1,0,-1.0,Wallis and Futuna,16025,3700.0,OCEANIA,0.006240249609984399,ðŸ‡¼ðŸ‡«
18785,WLF,1995,Cumulative AIDS cases & deaths,1,0,-1.0,Wallis and Futuna,16025,3700.0,OCEANIA,0.006240249609984399,ðŸ‡¼ðŸ‡«
18788,WSM,2004,Cumulative AIDS cases & deaths,8,8,-1.0,Samoa,176908,5600.0,OCEANIA,0.004522124494087322,ðŸ‡¼ðŸ‡¸
18790,WSM,1995,Cumulative AIDS cases & deaths,2,2,-1.0,Samoa,176908,5600.0,OCEANIA,0.0011305311235218305,ðŸ‡¼ðŸ‡¸
19150,ZAF,1987,Cumulative AIDS cases & deaths,77,53,-1.0,South Africa,44187637,10700.0,SUB-SAHARAN AFRICA,0.00017425688547228717,ðŸ‡¿ðŸ‡¦
19154,ZAF,1988,Cumulative AIDS cases & deaths,175,106,-1.0,South Africa,44187637,10700.0,SUB-SAHARAN AFRICA,0.00039603837607338,ðŸ‡¿ðŸ‡¦
19158,ZMB,1987,Cumulative AIDS cases & deaths,395,57,-1.0,Zambia,11502010,800.0,SUB-SAHARAN AFRICA,0.003434182373341703,ðŸ‡¿ðŸ‡²
